shot_id,scene,duration_sec,description,camera_move,characters,dialogue,model,status
S01,2,8,"CAM-A 천장 CCTV, 낮 형광등. 앞쪽에 초록 상의 지원자1 흐린 뒷모습, 책상 너머 대표(작게, 정면)가 반쯤 기댄 채 의자에 더 깊이 기댐, 이사는 책상 끝 옆모습으로 꼼짝 않음. 첫 장면 B01",static,sanggu;manseok;applicant,"NA: 나라에서 청년을 뽑으면 세금을 깎아 준다길래, 면접을 열었다.",Kling 3.0 (Image-to-Video),todo
S02,3,8,"CAM-A 천장 CCTV, 낮 형광등, S01과 같은 앵글. 지원자2(버건디 상의) 흐림, 대표가 오른손으로 볼펜을 빙글빙글 돌림, 이사 꼼짝 않음. 첫 장면 B02",static,sanggu;manseok;applicant,"NA: 솔직히 뽑을 생각은 없었다. 세금은 깎고 싶었고.",Kling 3.0 (Image-to-Video),todo
S03,4,8,"CAM-A 천장 CCTV, 낮 형광등, 같은 앵글. 지원자3(코발트 파랑 상의) 흐림, 대표가 왼손으로 이력서를 조용히 덮음, 이사가 고개를 살짝 돌려 힐끗 봄. 첫 장면 B03",static,sanggu;manseok;applicant,"NA: 1년 전에 뽑은 신입은 석 달 만에 나갔다. 그 뒤로 나는… 신입이 무섭다.",Kling 3.0 (Image-to-Video),todo
S04,5,5,"CAM-A 천장 CCTV, 오후 햇빛. 지원자 의자는 비어 있고 안쪽 벽 왼쪽 문이 열리며 신입이 가방끈을 쥐고 들어섬(작게). 대표·이사 앉아 있음. 첫 장면 B04",static,eunsol;sanggu;manseok,,Kling 3.0 (Image-to-Video),todo
S05,5,5,"CAM-B 문 위 CCTV, 오후 햇빛 [예고]. 지원자 의자 앞에 선 신입 정면, 두 손으로 가방끈을 쥔 채 고개 숙여 한 번 인사. 이 샷만 노이즈가 걷혀 선명. 면접관은 화면 밖. 3회 시도. 첫 장면 B05",static,eunsol,,Kling 3.0 (Image-to-Video),approved
S06,6,5,"CAM-A 천장 CCTV 와이드, 오후 햇빛. 지원자 의자의 신입은 비스듬한 뒷모습, 화면 높이 1/5, 입 모양 안 보임. 책상 위 수첩에 오른손으로 빠르게 메모. 대표·이사 거의 정지. 첫 장면 B06",static,eunsol;sanggu;manseok,"NA: 말이 빠르지도 느리지도 않다. 질문이 끝나기도 전에 메모부터 한다. …나는 메모를 안 한 지 1년째다.",Kling 3.0 (Image-to-Video),todo
S07,6,5,"CAM-C 책상 고정캠 인서트, 오후. 책상 건너편 끝, 신입의 오른손이 검정 볼펜으로 작은 검정 수첩에 한 줄 적음. 글씨는 알아볼 수 없음. 첫 장면 B07",static,eunsol,(S06 NA 이어짐),Kling 3.0 (Image-to-Video),todo
S08,7,8,"CAM-C 책상 고정캠 인서트, 오후. 과제 코드 출력물 위로 대표 오른손 검지가 줄을 따라 내려가다 들여쓴 부분에서 멈추고 한 번 톡 두드림. 첫 장면 B08",static,sanggu,"NA: 그리고 이 코드. 줄 맞추는 방식이 나랑 똑같다. 우리 회사에서 이렇게 쓰는 사람은… 나 하나다.",Kling 3.0 (Image-to-Video),todo
S09,8,5,"CAM-C 책상 고정캠을 아래로 숙인 구도, 오후. 화면 위쪽에 책상 모서리, 아래에 두 사람 무릎. 이사 왼손(은색 시계)이 접힌 쪽지를 대표 무릎 쪽으로 밀고 손을 뗌. 쪽지 글씨는 CapCut에서 얹음. 3회 시도. 첫 장면 B09",static,manseok;sanggu,,Kling 3.0 (Image-to-Video),todo
S10,9,5,"CAM-A 천장 CCTV 와이드, 오후. 대표가 의자를 밀치며 벌떡 일어나 굳음, 이사가 고개를 휙 들어 올려다보고 신입 어깨가 움찔. 프리즈는 편집. 첫 장면 B06 재사용",static,sanggu;manseok;eunsol,"NA: 그 자리에서 말해 버렸다. 합격이라고. …이사님 쪽지는 못 본 걸로 했다.",Kling 3.0 (Image-to-Video),todo
S11,10,8,"CAM-A 천장 CCTV, 오후 햇빛. 빈 면접실, 화면 오른쪽 창가에 선 대표 뒷모습이 출력물을 들고 천천히 고개를 숙여 들여다봄. 블라인드 햇빛 줄무늬. 첫 장면 B11",static,sanggu,"NA: 오늘이 마지막 면접이었고, 작은 회사는 오늘 못 잡으면 내일 남이 잡아 간다. …라는 건 핑계고. 오랜만에 설렜다. …코드 얘기다.",Kling 3.0 (Image-to-Video),todo
S12,11,5,"CAM-A 천장 CCTV 투샷, 오후. 책상 앞에 선 대표(정면, 작게)가 신입 폰을 두 손으로 건네고 신입(비스듬한 뒷모습)이 두 손으로 받음. 3회 시도. 첫 장면 B12",static,sanggu;eunsol,"NA: 입사 선물이라고 했다. 회사 AI 에이전트 툴이라고. …내가 주말마다 혼자 만든 앱이다. 신입은 대표한테는 못 묻는다. 그래도 AI한테는 다 묻는다.",Kling 3.0 (Image-to-Video),todo
S13,11,8,"CAM-A 천장 CCTV, 오후. 신입이 한 번 고개 숙여 인사하고 열린 문으로 걸어 나감, 대표는 선 채 문 쪽을 바라봄. 3회 시도. 첫 장면 = S12 채택 영상의 마지막 프레임",static,eunsol;sanggu,(S12 NA 이어짐),Kling 3.0 (Image-to-Video),todo
S14,13,8,"CAM-A 천장 CCTV 와이드, 오후. 혼자 앉은 대표가 엎어 둔 폰에서 손을 떼고 등을 기대며 한 손으로 이마를 짚음. 얼굴은 손에 가려 작게. 첫 장면 B14",static,sanggu,"NA: 남의 속마음을 엿보는 거다. 들키면 끝이고. …이건 좀 아니지. 내일 말하자. 내일.",Kling 3.0 (Image-to-Video),todo
S15,14,5,"CAM-A 천장 CCTV, 노을. 책상 뒤에 선 대표가 서류 뭉치를 책상에 톡톡 쳐서 정리. 엎어 둔 폰이 책상 위에 있음. 첫 장면 B15",static,sanggu,,Kling 3.0 (Image-to-Video),todo
S16,14,5,"CAM-C 책상 고정캠 인서트, 노을. 엎어 둔 폰이 살짝 진동하고 대표 오른손이 들어와 폰을 집어 뒤집음. 화면은 밝게 켜지되 내용은 안 보임(이후 CapCut 채팅으로 넘어감). 첫 장면 B16",static,sanggu,,Kling 3.0 (Image-to-Video),todo
